date,timelow,low,timehigh,high,open,close,volume,marketCap
2023-08-31,21:12:00,0.00660130414062,00:03:00,0.00698094155676,0.0069777613761,0.00665496541617,1867450.65,109611660.74
2023-08-30,21:57:00,0.00696509356172,00:24:00,0.00710002158397,0.00709108752703,0.00697757405323,1896870.52,114907328.67
2023-08-29,12:29:00,0.00683803683618,14:46:00,0.00715319325635,0.00689734620799,0.0070910335461,2321219.96,116762865.88
2023-08-28,05:34:00,0.00680386007675,18:05:00,0.00694663537812,0.00692113054202,0.00689759513381,1906037.31,113562486.73
2023-08-27,00:03:00,0.00679099165896,16:45:00,0.00695135979343,0.00679332472374,0.00692068470525,1511573.7,113927516.55
2023-08-26,09:38:00,0.00676679865937,04:02:00,0.00682255438384,0.00680860017821,0.00679359881756,1826277.55,111820517.25
2023-08-25,05:05:00,0.00659202174504,23:11:00,0.00681171227677,0.00670264158827,0.00680866702097,2133416.2,112051075.55
2023-08-24,21:02:00,0.00666103848026,04:56:00,0.00687936822973,0.00683354384978,0.00670217246962,1673706.7,110286243.25
2023-08-23,00:00:00,0.00659171548084,19:51:00,0.00692924120883,0.00659171548084,0.00683356809848,1854995.48,112432093.75
2023-08-22,21:41:00,0.00642464520461,00:10:00,0.00673209352162,0.00672846157101,0.0065924339458,1937606.83,108451442.51
2023-08-21,18:59:00,0.00667825713348,01:10:00,0.00690857803008,0.00689735827496,0.00673108748854,2308685.55,110717621.13
2023-08-20,17:05:00,0.00686437918849,13:10:00,0.00698392019252,0.0069355211418,0.00689843563423,1310173.45,113455163.09
2023-08-19,07:20:00,0.00680630546774,17:06:00,0.00698680146501,0.0068487835909,0.00693489533757,2013685.2,114039599.45
2023-08-18,03:23:00,0.00671212612251,06:47:00,0.0068945837584,0.00676858026563,0.00684846166737,2351543.6,112602977.51
2023-08-17,21:46:00,0.006365742497,14:10:00,0.00731547800573,0.00722971183961,0.00676775926927,3556358.34,111261079.48
2023-08-16,21:22:00,0.00720780872392,04:32:00,0.00760501045167,0.00756627576941,0.00722978972124,3036169.22,118840816.74
2023-08-15,19:46:00,0.0074649098884,00:00:00,0.00789691081644,0.00789691081644,0.00756688346995,3629542.27,124365036.17
2023-08-14,02:26:00,0.00782706294663,15:32:00,0.00797895042551,0.00786612187125,0.00789670798047,2314607.21,129768321.92
2023-08-13,07:40:00,0.00779777636893,19:55:00,0.00794079218792,0.00787558834845,0.00786408917571,1959534.08,129214835.16
2023-08-12,21:25:00,0.0078431876057,09:40:00,0.00802616896062,0.00799169401116,0.00787488961621,1612494.01,129373393.82
2023-08-11,19:25:00,0.00798369798868,15:03:00,0.00808277043696,0.00800977460393,0.0079917639708,1532655.11,131275749.64
2023-08-10,09:31:00,0.00795550124792,14:05:00,0.00808621755914,0.00798790244229,0.00800969756937,2099808.14,131554029.28
2023-08-09,21:16:00,0.00798118838907,13:13:00,0.00811363331728,0.00804250092414,0.00798829065743,1520197.73,131184728.83
2023-08-08,01:45:00,0.00791637744821,21:26:00,0.00812301548007,0.00793250701361,0.00804542075805,2245753.85,132105087.87
2023-08-07,16:18:00,0.00785659896468,03:29:00,0.00805250907869,0.00790354608572,0.00793285827157,1983020.81,130239272.35
2023-08-06,14:15:00,0.00783058512043,05:14:00,0.00796786611643,0.00785375235239,0.0079036093442,2104038.18,129741541.88
2023-08-05,16:39:00,0.00783044161683,00:00:00,0.00791129305589,0.00791129305589,0.00785391711795,1461228.98,128908408.99
2023-08-04,09:07:00,0.00785872239749,13:51:00,0.00798601715137,0.00789570907853,0.00791151508183,1732592.13,129836283.25
2023-08-03,12:54:00,0.00784108282714,02:07:00,0.00800339944718,0.00796653539848,0.00789622254885,1578561.7,129567714.73
2023-08-02,16:58:00,0.00791755610965,01:34:00,0.00829566979045,0.00825187544123,0.00796632786378,1392100.72,130700375.58
2023-08-01,02:14:00,0.00791690736967,23:59:00,0.00825277988785,0.00816932448767,0.00825277988785,2183311.28,135381787.92
2023-07-31,20:11:00,0.00808870204665,04:05:00,0.00831440757976,0.00812951512585,0.0081706734897,3154010.19,134016766.37
2023-07-30,20:14:00,0.00796001594802,12:17:00,0.00820326132752,0.00818708328639,0.00812943205406,2218793.9,133320787.39
2023-07-29,02:46:00,0.0080248977444,23:41:00,0.00818856609005,0.00808167551919,0.00818683906685,1668846.82,134245605.95
2023-07-28,08:15:00,0.00797472777158,15:31:00,0.00820662852978,0.00801691672666,0.00808188082158,1858494.67,132506590.37
2023-07-27,01:02:00,0.00791036430758,10:01:00,0.00811784599859,0.00794195206014,0.00801790921612,2139699.37,131439931.38
2023-07-26,01:37:00,0.00761166086575,21:22:00,0.00798758821964,0.0077024714533,0.00794175656035,2846724.57,130173917.5
2023-07-25,01:20:00,0.00760672273702,21:32:00,0.00774566132994,0.00772174876471,0.0077022405719,2297719.2,126230965.7
2023-07-24,20:42:00,0.0076212822639,00:31:00,0.00820418811557,0.00819674603977,0.00772363514798,3572986.43,126563108.63
2023-07-23,15:30:00,0.00808332723184,23:06:00,0.00823948825958,0.00815414044918,0.0082017679663,3843272.26,134381214.74
2023-07-22,13:04:00,0.0080232644101,19:40:00,0.00828389563567,0.00806586008888,0.00815881381612,3715177.31,133659317.49
2023-07-21,07:58:00,0.00798879693542,03:15:00,0.00812186818809,0.00807879194872,0.00806745923934,2429692.21,132144856.43
2023-07-20,15:01:00,0.00798591694741,10:43:00,0.00821681855876,0.00801707818629,0.00807354114391,3115634.56,132226570.61
2023-07-19,00:17:00,0.00796296718648,05:55:00,0.00807883863536,0.00798030796089,0.00801935368973,2214884.15,131321160.46
2023-07-18,12:26:00,0.00778830089626,23:30:00,0.00801092553941,0.00794108574133,0.00798395341186,2277986.86,130721981.48
2023-07-17,18:52:00,0.00774983224701,05:13:00,0.00808566393849,0.00805772114417,0.00794265471776,2797855.03,130029520.94
2023-07-16,23:40:00,0.00802985342112,01:25:00,0.00831934303069,0.00826595933769,0.00805735106746,2159657.91,131889174.57
2023-07-15,04:13:00,0.00821382184599,08:47:00,0.00844221217056,0.00828443882168,0.00826620193845,1849416.07,135289155.72
2023-07-14,20:36:00,0.00805263225871,16:21:00,0.00864586271555,0.0085717164577,0.00828482032064,4070529.53,135575255.56
2023-07-13,04:12:00,0.00791896187817,23:59:00,0.0085720904705,0.00802050752655,0.0085720904705,3632361.2,140256991.76
2023-07-12,20:13:00,0.00791929766112,14:58:00,0.00818274055314,0.00792784121988,0.00802064658815,2474629.34,131213275.41
2023-07-11,00:56:00,0.00785716650529,08:37:00,0.00796464513525,0.00788256239369,0.00792780035112,2801796.17,129679595.14
2023-07-10,08:22:00,0.00774202851257,20:08:00,0.00803966218326,0.00801586536025,0.00788179886052,3345991.99,128909439.88
2023-07-09,23:48:00,0.00800477099054,03:44:00,0.00821144186305,0.00818698266538,0.00801607842525,2046106.67,131087612.01
2023-07-08,01:16:00,0.00807035414834,14:46:00,0.00842099644513,0.00812156974554,0.00818551211391,3893466.61,133840008.59
2023-07-07,00:04:00,0.00782559816038,04:07:00,0.00813700736276,0.00789588041305,0.00812409231912,3553385.92,132814570.11
2023-07-06,00:52:00,0.00786483765891,09:19:00,0.00853626150398,0.00793369538739,0.00789631069656,7011818.86,129075953.59
2023-07-05,13:03:00,0.00782958500888,05:14:00,0.00823905888142,0.00806884025396,0.00793396176035,7210049.27,129673667.56
2023-07-04,19:42:00,0.00798872549662,01:55:00,0.00923372484104,0.00833720064661,0.00806867949539,30265160.85,131857409.49
2023-07-03,00:41:00,0.00732807714745,16:35:00,0.00904282662544,0.00735162650084,0.00833446321012,23284337.77,136182137.14
2023-07-02,07:07:00,0.00711359164687,00:04:00,0.00738536239303,0.00737774315442,0.00735484496548,1733256.6,120159015.04
2023-07-01,04:29:00,0.00725567914105,07:02:00,0.00756164444078,0.00727961595793,0.00737681595583,2614604.26,120500033.28
2023-06-30,01:08:00,0.00668932876064,17:46:00,0.00733738015959,0.00672329618328,0.00727964519343,3334397.92,118897698.77
2023-06-29,00:13:00,0.00669864406186,13:26:00,0.00686963936107,0.00670463718034,0.00672362568285,1609796.47,109801212.83
2023-06-28,20:15:00,0.00661960841188,00:02:00,0.00703378351873,0.00703125281255,0.00670516914665,1959391.45,109484755.0
2023-06-27,09:43:00,0.00688804171927,23:56:00,0.00703166572699,0.00693016880064,0.00703042342897,1671118.12,114779808.02
2023-06-26,22:06:00,0.00688056489539,00:02:00,0.00714965241665,0.00714370797027,0.00693009080733,1784321.47,113124919.73
2023-06-25,00:48:00,0.0070127423948,13:02:00,0.00721980195859,0.00701988544167,0.00714418564744,1836024.63,116605063.95
2023-06-24,01:34:00,0.00687822870402,15:07:00,0.00706786240803,0.00692375952573,0.00702010060057,1973817.26,114563995.51
2023-06-23,02:13:00,0.0065656492294,21:01:00,0.0069654773759,0.00659882986463,0.00692364314746,2502633.75,112974278.87
2023-06-22,23:59:00,0.00659860910275,03:02:00,0.00695917327738,0.00676637036771,0.00659860910275,2495710.01,107655864.33
2023-06-21,00:13:00,0.00624475477394,23:23:00,0.00680351394498,0.00625733272121,0.00677239603853,3258361.65,110475982.48
2023-06-20,14:31:00,0.00605841789641,20:50:00,0.00630328399731,0.00616010619099,0.00625678644073,1834461.61,102050877.39
2023-06-19,00:58:00,0.00599656223435,18:24:00,0.00621298509393,0.00601182936618,0.00616020344831,1774076.42,100459276.84
2023-06-18,23:28:00,0.00600589361932,05:40:00,0.00615284473329,0.00613395309273,0.00601154452776,1473453.68,98022530.34
2023-06-17,04:13:00,0.00587696795168,19:41:00,0.006172135291,0.00593960401311,0.00613385418484,2538649.7,100002960.45
2023-06-16,23:52:00,0.00593759388085,00:01:00,0.00618342463957,0.00617869223103,0.00593824746129,3533142.59,96801497.25
2023-06-15,17:57:00,0.00606321240104,03:52:00,0.00635436180355,0.00633790914514,0.00617879157235,2148797.95,100708645.54
2023-06-14,21:01:00,0.00627033334728,17:41:00,0.00665884756843,0.00648736189674,0.00633757177577,2017514.03,103282268.89
2023-06-13,22:44:00,0.00646395470838,08:49:00,0.00668073101798,0.00650214257734,0.00648742020425,2152180.46,105708377.69
2023-06-12,03:15:00,0.00638534951361,00:04:00,0.00659343449341,0.00659022408257,0.00650088150489,1340429.3,105914228.34
2023-06-11,15:46:00,0.00644332103496,20:28:00,0.00669919734965,0.00660562376775,0.00659176569518,1289626.96,107378692.49
2023-06-10,06:01:00,0.00622827283312,00:06:00,0.00730053768257,0.00729412186185,0.00660647277755,5457936.18,107604551.25
2023-06-09,03:19:00,0.00718878890238,13:28:00,0.00737334895537,0.00725415069904,0.00729393822015,1955864.09,118783944.83
2023-06-08,03:34:00,0.00715815114644,15:01:00,0.00735348020799,0.00726227345493,0.00725412463831,1525928.71,118120404.55
2023-06-07,22:07:00,0.00721100491163,00:01:00,0.00770834473096,0.00768173439068,0.00726154857073,2516922.14,118222122.67
2023-06-06,13:28:00,0.0072555396689,23:31:00,0.00774559277066,0.00735462238974,0.00768246396421,2116772.2,125058809.94
2023-06-05,19:32:00,0.00723514119598,00:01:00,0.00803529325099,0.00803402809216,0.00735439904914,4121654.02,119703140.08
2023-06-04,15:05:00,0.00802199989393,19:06:00,0.0082080882697,0.00807144440582,0.00802645728362,3483152.25,130623634.29
2023-06-03,04:50:00,0.00796688064441,10:47:00,0.0081183558097,0.00803798229637,0.00807088522812,1526157.34,131326783.56
2023-06-02,00:40:00,0.00758693531626,18:58:00,0.00808166695192,0.007641233532,0.00803774901041,3230309.58,130770970.01
2023-06-01,08:12:00,0.00752713998232,23:19:00,0.0076709392315,0.00760946780721,0.00764112680132,1457340.59,124299248.28
2023-05-31,16:57:00,0.00752268980455,00:07:00,0.00785273586366,0.0078125794889,0.00761198918704,1663439.41,123809455.0
2023-05-30,00:47:00,0.00780921048412,11:46:00,0.0079483566815,0.00784446204748,0.00781189917473,1421357.61,127043300.9
2023-05-29,22:29:00,0.00781375005159,00:25:00,0.00798919605061,0.0079659049661,0.0078440083797,1714478.58,127541725.1
2023-05-28,00:20:00,0.00773159993696,22:28:00,0.00806209227583,0.00775770067745,0.00797163822493,1630849.4,129604775.92
2023-05-27,20:50:00,0.00770804711547,03:51:00,0.00780349568358,0.00773403775846,0.00775816880699,1156808.15,126116492.56
2023-05-26,06:04:00,0.00768044289268,01:20:00,0.00780626010722,0.00778583773133,0.00773387011933,1478797.89,125703962.88
2023-05-25,01:31:00,0.00755691510967,15:10:00,0.00780328782078,0.00769543008254,0.007786490452,1680848.93,126541630.08
2023-05-24,16:19:00,0.00752076252663,00:06:00,0.00787443092758,0.00787068862694,0.00769604681663,1732647.9,125054279.46
2023-05-23,19:15:00,0.00783403375304,04:12:00,0.00805729986036,0.00788924848524,0.00787048729993,1573109.7,127870903.2
2023-05-22,02:04:00,0.00770499395881,21:07:00,0.00792259200927,0.00786435776363,0.00789049424408,2011791.72,128178014.85
2023-05-21,21:23:00,0.00781547799315,00:01:00,0.00809791084545,0.00809782942303,0.00786505304834,1823718.88,127745346.96
2023-05-20,00:59:00,0.00801363367356,12:45:00,0.00821393905078,0.00807255916584,0.00809724501996,3429209.35,131499803.06
2023-05-19,11:40:00,0.00785493892136,17:49:00,0.00810537650941,0.00796752327873,0.00807252756352,1611268.82,131075315.15
2023-05-18,18:17:00,0.00777417481456,05:33:00,0.00806446887448,0.00804771336062,0.00796774766973,1251998.05,129360246.09
2023-05-17,14:40:00,0.00773123322053,19:50:00,0.00810427468044,0.00790373820175,0.00804705313923,1613051.97,130629352.3
2023-05-16,01:48:00,0.00776896256292,13:49:00,0.0079942210176,0.00785923474006,0.00790238167183,1660948.18,128262757.41
2023-05-15,00:56:00,0.00753893434593,17:19:00,0.00794282082515,0.00763930731484,0.00785965866572,1574673.37,127551266.67
2023-05-14,01:46:00,0.00752855590946,16:01:00,0.00774851688751,0.0075587084427,0.00763896237774,999535.76,123952117.65
2023-05-13,15:56:00,0.00753351676755,00:04:00,0.00786466005947,0.00782536373973,0.00755767530788,1463603.83,122615827.95
2023-05-12,06:25:00,0.00742117324906,23:54:00,0.00782857223484,0.00760124032434,0.00782483429612,2096030.31,126930764.7
2023-05-11,18:22:00,0.00754535202294,00:07:00,0.00802507779072,0.00802271144947,0.00760233566553,2153488.29,123305549.29
2023-05-10,17:28:00,0.00771379870302,13:08:00,0.00813788423402,0.00794625938923,0.00802224366681,2593213.56,130097837.1
2023-05-09,22:13:00,0.00792822377657,05:50:00,0.00807426522319,0.00803195520173,0.00794888983252,1939899.02,128889981.69
2023-05-08,20:08:00,0.00789462909451,00:29:00,0.00873967878702,0.00870023467392,0.00803173608098,4022616.42,130214940.48
2023-05-07,23:58:00,0.00869615102705,14:53:00,0.00882555837176,0.00876170261456,0.00870366530266,1788844.02,141088724.31
2023-05-06,16:05:00,0.00869436932297,00:55:00,0.0091731816657,0.00911700126667,0.00876102232438,2041272.12,141998406.26
2023-05-05,00:28:00,0.00896095005404,16:19:00,0.0091632602219,0.00897014803875,0.0091166849844,1984209.49,147742103.16
2023-05-04,19:47:00,0.00893304950647,00:04:00,0.00919731566082,0.0091858394975,0.00896695067563,2423902.48,145295025.71
2023-05-03,16:15:00,0.00889868201236,22:33:00,0.00922427448892,0.0091561268855,0.00918530073537,2313066.59,148812021.43
2023-05-02,03:28:00,0.00898263859277,19:15:00,0.00918280562659,0.0090388978549,0.00915623694767,1431786.42,148320228.17
2023-05-01,19:22:00,0.00897676685113,00:00:00,0.0093038739055,0.0093038739055,0.00903865825955,2089936.44,146394796.76
2023-04-30,20:19:00,0.0092475135475,00:01:00,0.00957332505488,0.00957261952843,0.00930512568358,2230247.22,150689421.31
2023-04-29,01:19:00,0.00935050911345,17:28:00,0.00960949650088,0.00939174113578,0.00957679907019,1805219.71,155066957.86
2023-04-28,13:59:00,0.00930263590043,05:01:00,0.00948447762924,0.00946951632805,0.00939092381613,2288275.97,152035663.46
2023-04-27,12:40:00,0.00923442117611,20:52:00,0.00954586945181,0.00926750193266,0.00946955014991,2886427.7,153285021.81
2023-04-26,20:04:00,0.0089342653188,16:10:00,0.0097985008347,0.00943368101818,0.00926809868326,4441595.29,150004625.3
2023-04-25,02:10:00,0.00906475979426,23:54:00,0.00943762960092,0.00916955332676,0.00943287200344,3543941.1,152648078.37
2023-04-24,09:01:00,0.00910298679467,11:20:00,0.00932511717234,0.00918488891445,0.00916992684769,4796454.97,148368327.45
2023-04-23,19:34:00,0.00909624306725,00:01:00,0.00947955263771,0.00947759871785,0.00918481562787,3455309.58,148589944.15
2023-04-22,01:19:00,0.00929327418968,17:24:00,0.0094824700914,0.00937279841714,0.00947743766525,2910980.95,153305811.57
2023-04-21,21:07:00,0.00932196527325,15:48:00,0.00983086217873,0.00952569462194,0.00937147247715,4544521.19,151570189.75
2023-04-20,20:23:00,0.00950808818755,04:06:00,0.00995546008331,0.00984956417225,0.00952659400723,4553196.22,154057129.63
2023-04-19,21:33:00,0.00974415379733,00:01:00,0.0106783333,0.0106774082,0.00985007210856,6106758.12,159265314.28
2023-04-18,01:29:00,0.0102225589,23:58:00,0.0106772151,0.0103306949,0.0106722957,6078826.1,172535004.74
2023-04-17,15:55:00,0.00999687041999,00:09:00,0.0104139256,0.0103919236,0.0103291592,6838404.13,166961753.48
2023-04-16,04:13:00,0.00997551097068,20:51:00,0.0104995331,0.0101276383,0.0103917157,6562871.15,167946880.77
2023-04-15,04:30:00,0.00997779476215,17:07:00,0.0102183866,0.0101463478,0.0101286351,4862732.89,163675526.74
2023-04-14,00:25:00,0.00976454576344,19:55:00,0.0102355732,0.00983837013276,0.0101465148,6881408.12,163940865.06
2023-04-13,07:13:00,0.0094798344723,23:58:00,0.00983956363809,0.0095775857455,0.00983570931796,4986966.24,158896166.18
2023-04-12,03:47:00,0.00934427845276,00:33:00,0.00969569699204,0.00967167844906,0.00950748880266,4971490.97,153577213.24
2023-04-11,21:49:00,0.00964370516405,01:01:00,0.00993590969179,0.00986773474815,0.00967207805763,5235389.17,156207729.42
2023-04-10,13:55:00,0.00958197761697,23:17:00,0.00996318893432,0.0096134005576,0.00986993211564,5058768.28,159380266.47
2023-04-09,11:14:00,0.00932429865187,23:04:00,0.00965485837819,0.0094173132441,0.0096125557609,3201212.05,155200034.27
2023-04-08,00:52:00,0.00932417980087,16:28:00,0.00948863102769,0.0093605429186,0.00941233062189,2684874.79,151947264.34
2023-04-07,22:13:00,0.00931541981038,01:19:00,0.00953005323505,0.00951982149829,0.00936094321628,3564706.37,151096020.81
2023-04-06,13:49:00,0.00944555083701,00:00:00,0.00964173020498,0.00964173020498,0.00951677293188,4536891.82,153587418.74
2023-04-05,16:19:00,0.00951863545414,04:30:00,0.00988238601892,0.00974742198438,0.00964072842623,4828943.2,155567353.87
2023-04-04,04:47:00,0.00945610842719,21:10:00,0.00976411291199,0.00953559304002,0.00974717516327,4893012.34,157262491.05
2023-04-03,21:04:00,0.00922359362834,23:27:00,0.00959518957106,0.00944143677853,0.00953578565018,4912833.71,153829753.96
2023-04-02,22:46:00,0.00939866108934,05:47:00,0.0100490531,0.00993721463477,0.00944138851354,5201492.31,152285044.28
2023-04-01,15:06:00,0.00959099822711,00:15:00,0.0100264644,0.00961514679024,0.00993541371511,5839659.59,160234251.18
2023-03-31,07:49:00,0.00939998999564,14:52:00,0.00968997961035,0.00946113724975,0.00961367050062,3596221.78,155019245.54
2023-03-30,18:21:00,0.00937973358558,02:42:00,0.00979300655366,0.00969227160808,0.00946247583218,4415860.13,152559386.03
2023-03-29,00:04:00,0.00937884099906,20:24:00,0.00975282107415,0.00938735020148,0.00969169064252,4412330.39,156230443.97
2023-03-28,13:31:00,0.0091336596548,06:09:00,0.00939671479065,0.00932177515368,0.00938785161452,3578867.61,151312536.74
2023-03-27,15:12:00,0.00918931538806,00:31:00,0.00971582370906,0.00962741688328,0.00932245475526,4183743.1,150236864.28
2023-03-26,00:30:00,0.00943944691481,13:59:00,0.00974117951484,0.00948894206113,0.00962168065254,3434259.03,155036714.43
2023-03-25,09:42:00,0.00939353461108,16:33:00,0.00959574189568,0.00951373424899,0.00949397872953,2936914.06,152957078.35
2023-03-24,21:37:00,0.0094101138417,00:12:00,0.00990023503698,0.0098923603055,0.00950751518853,4293874.31,153153065.5
2023-03-23,02:13:00,0.00934998624915,23:41:00,0.00991283588822,0.00940949748938,0.00989482274708,5653299.15,159369097.93
2023-03-22,20:01:00,0.00924495696306,00:09:00,0.0100102349,0.00996697759564,0.00941008742303,5833696.0,151540041.49
2023-03-21,09:37:00,0.00943295596213,13:37:00,0.0100102123,0.00965037098663,0.00996662769547,4703420.43,159289670.22
2023-03-20,23:55:00,0.00964023972624,09:07:00,0.010079681,0.00999220079509,0.00964870952587,4829313.35,154208605.5
2023-03-19,00:00:00,0.00968172129519,19:34:00,0.0101590091,0.00968172129519,0.00999168001077,4855882.1,159690063.93
2023-03-18,16:35:00,0.00963746588794,02:45:00,0.0101525955,0.00987196771084,0.00968119126295,5424193.86,154727738.48
2023-03-17,00:41:00,0.00897970705083,23:39:00,0.00988411801416,0.00909583342662,0.00986873276997,6446905.42,157725083.8
2023-03-16,13:26:00,0.00882587826255,07:33:00,0.00916130179946,0.00905846399606,0.00909605465355,6529320.85,145375907.51
2023-03-15,23:58:00,0.00904770378551,01:46:00,0.0103845168,0.0102501609,0.00904847437357,11415315.52,144615465.03
2023-03-14,21:19:00,0.0101125907,15:19:00,0.0108796679,0.0102076216,0.0102471374,8210552.75,163772861.2
2023-03-13,12:50:00,0.0094064318648,22:49:00,0.0103080382,0.00964422191611,0.0102069477,7131690.4,163130538.0
2023-03-12,00:55:00,0.00867972035903,23:58:00,0.0096452105868,0.00877811229976,0.00964399281639,3922986.65,154133221.61
2023-03-11,15:56:00,0.00849407385695,02:08:00,0.00901340088176,0.008804059722,0.00877909724463,3545037.71,140310197.96
2023-03-10,10:46:00,0.00850907202582,00:00:00,0.00903129722588,0.00903129722588,0.00880588125519,5703538.56,140738268.15
2023-03-09,21:01:00,0.00894476273419,14:24:00,0.00994099673114,0.00961372653205,0.00903027273844,5591724.83,144324560.97
2023-03-08,23:02:00,0.00960097891142,01:01:00,0.0101736568,0.0101483134,0.00961281158814,4658697.76,153634873.76
2023-03-07,15:14:00,0.00997932777297,03:09:00,0.0103270353,0.010252566,0.0101484032,3629742.86,162194862.18
2023-03-06,05:16:00,0.0100762289,16:09:00,0.0103600682,0.0103162698,0.0102532471,3231220.42,163870508.34
2023-03-05,00:26:00,0.0102506598,02:01:00,0.0104899221,0.0102638295,0.0103173429,2850643.92,164894906.4
2023-03-04,21:47:00,0.0101203078,01:59:00,0.0105873292,0.0104688292,0.010269205,3566159.51,164125553.14
2023-03-03,22:13:00,0.010314098,00:04:00,0.0112068083,0.0111870996,0.0104666736,5233143.28,167281554.98
2023-03-02,14:24:00,0.0109691283,00:24:00,0.011491852,0.0114318889,0.0111865325,3900218.67,178786559.83
2023-03-01,00:56:00,0.0109543345,17:38:00,0.0115009247,0.0110090283,0.0114314203,4668431.94,182700430.97
2023-02-28,21:50:00,0.0109686732,03:51:00,0.0114915135,0.0114247201,0.0110079969,4712806.34,175933148.81
2023-02-27,20:21:00,0.0112603953,15:20:00,0.0117055961,0.0116014913,0.0114247808,4448184.94,182594316.39
2023-02-26,00:34:00,0.0112048723,21:25:00,0.0116967552,0.0112748481,0.0116000211,5419608.72,185395058.84
2023-02-25,20:43:00,0.0109184801,00:04:00,0.0114558702,0.0114336037,0.0112748966,5278530.14,180198821.15
2023-02-24,22:47:00,0.0112702702,09:02:00,0.0122649711,0.0121009124,0.0114509307,7124195.9,183012250.97
2023-02-23,22:16:00,0.0120396107,09:42:00,0.0125115365,0.012266,0.0121072935,7135254.17,193502441.11
2023-02-22,18:03:00,0.011585813,01:22:00,0.0122984982,0.0121851482,0.0122687841,10797944.25,196083432.39
2023-02-21,00:23:00,0.011528573,14:14:00,0.0133143232,0.0116311167,0.0121833734,37128141.27,194718372.53
2023-02-20,01:20:00,0.0107736923,11:58:00,0.0116342265,0.0110306979,0.011629718,8767982.25,185869684.92
2023-02-19,20:33:00,0.0108596345,16:16:00,0.0112570082,0.0109879653,0.0110309651,7141677.84,176300233.41
2023-02-18,02:55:00,0.0108500017,16:38:00,0.0112306253,0.0108920804,0.0109914786,6585289.39,175669147.96
2023-02-17,00:04:00,0.0102662873,20:16:00,0.0109770245,0.0102893308,0.010890504,7486289.95,174055342.41
2023-02-16,23:55:00,0.010285637,17:15:00,0.0110076263,0.0107064458,0.0102910595,9348327.96,164474837.78
2023-02-15,03:09:00,0.00983079317819,23:59:00,0.0107069411,0.00991239126433,0.0107069411,6600357.54,171121584.54
2023-02-14,09:00:00,0.00945700331215,20:13:00,0.00992949609101,0.00965847490456,0.00991267537821,5166138.47,158427387.9
2023-02-13,17:57:00,0.00936601282864,07:42:00,0.00987166105306,0.00979947805928,0.00965931866191,6608208.23,154378163.93
2023-02-12,22:19:00,0.00972503195999,20:35:00,0.0101622518,0.00993600953383,0.00979901568498,5014161.4,156610844.17
2023-02-11,00:23:00,0.00976380856818,22:46:00,0.00995793922944,0.00982037732604,0.00993609308356,4363030.33,158801656.78
2023-02-10,12:06:00,0.00968340397276,19:56:00,0.00993806567102,0.0098828636508,0.00982549809736,6682314.68,157034094.13
2023-02-09,22:58:00,0.00977457541143,01:04:00,0.0112501308,0.0110785006,0.00988942758906,14971038.3,158055834.68
2023-02-08,16:37:00,0.0108144644,02:29:00,0.0115865776,0.0114637091,0.0110737687,7202225.63,176984333.49
2023-02-07,00:00:00,0.0103510297,21:06:00,0.0115825708,0.0103510297,0.0114634175,10938948.27,183211819.96
2023-02-06,23:34:00,0.0103306661,01:52:00,0.010717792,0.0105472114,0.0103454079,4647052.58,165343450.06
2023-02-05,21:16:00,0.0104202752,05:43:00,0.0111614177,0.0110937785,0.0105486892,5471180.64,168592354.64
2023-02-04,05:37:00,0.0110419461,13:46:00,0.0113319146,0.0111822005,0.0110935771,3890442.03,177300917.84
2023-02-03,08:26:00,0.0107517785,17:58:00,0.011224231,0.0109063144,0.0111847658,6403259.19,178758323.33
2023-02-02,00:01:00,0.0108276822,18:58:00,0.01143363,0.0108299949,0.0109080426,8716521.33,174335648.93
2023-02-01,18:26:00,0.00997101039814,22:38:00,0.0108865765,0.0104314566,0.0108266131,6488269.34,173034217.6
2023-01-31,12:49:00,0.0102001653,18:19:00,0.0105297898,0.0102786277,0.0104346421,3899533.3,166769618.99
2023-01-30,21:01:00,0.0100556528,01:07:00,0.0111319199,0.0109950629,0.010278195,6000167.12,164269233.36
2023-01-29,00:22:00,0.0105977368,22:04:00,0.0110440366,0.0106279623,0.0109947417,4144079.97,175712718.12
2023-01-28,23:15:00,0.0105773896,01:49:00,0.0111699344,0.0111057743,0.0106252252,3423439.52,169782037.72
2023-01-27,13:26:00,0.0108021429,20:10:00,0.0111965174,0.0110653869,0.0111059761,4402640.78,177437550.1
2023-01-26,00:00:00,0.0107959373,12:58:00,0.0111897622,0.0107959373,0.0110595556,6062666.23,176669498.13
2023-01-25,01:37:00,0.0101704184,22:10:00,0.0109797475,0.0103953977,0.0107988954,4581236.12,172480002.49
2023-01-24,23:25:00,0.0103712573,16:36:00,0.0110187286,0.0106841861,0.0103976172,5658302.25,166046207.79
2023-01-23,14:17:00,0.0104443494,23:47:00,0.0107139753,0.010515189,0.0106918791,4880799.21,170720071.37
2023-01-22,00:04:00,0.010107054,15:19:00,0.010731637,0.0101180549,0.0105190561,5845005.98,167935606.97
2023-01-21,00:19:00,0.00960929348791,22:01:00,0.0103809938,0.00963436518973,0.0101233553,7498637.2,161594214.61
2023-01-20,14:36:00,0.00896714267299,23:57:00,0.00963467775031,0.00918164570612,0.00963416848011,5007060.08,153762744.79
2023-01-19,17:58:00,0.00901571442765,05:18:00,0.00949680395099,0.00927152040405,0.00918273889382,4467891.57,146536049.59
2023-01-18,23:52:00,0.00926177789382,01:16:00,0.0101037302,0.00997196474565,0.00927231977299,6453303.78,147943323.03
2023-01-17,23:59:00,0.00997649173106,00:22:00,0.0102744706,0.0102289522,0.00997649173106,4717116.28,159154725.32
2023-01-16,15:16:00,0.0101006261,06:17:00,0.0104844741,0.0101392272,0.0102280375,6245088.89,163143105.72
2023-01-15,09:19:00,0.009701432927,23:46:00,0.0101536526,0.00980798708936,0.0101366541,7163776.37,161661178.63
2023-01-14,09:24:00,0.00955502270025,08:29:00,0.0102446861,0.00977594518659,0.00980853156945,8698673.72,156404672.45
2023-01-13,06:01:00,0.00919281012293,22:34:00,0.00987482852209,0.00938097960852,0.00978173881363,5391462.58,155953975.85
2023-01-12,13:34:00,0.00882316449139,22:56:00,0.00949091350516,0.00890941465179,0.00938218718951,5503993.11,149561265.83
2023-01-11,17:09:00,0.00854849027195,23:37:00,0.00897281194883,0.00869638273201,0.00891013525988,3570401.36,142014931.81
2023-01-10,03:13:00,0.00856289817786,01:52:00,0.00882631207534,0.00863075637557,0.00869969801953,3699495.51,138639929.35
2023-01-09,00:25:00,0.00828229289188,17:58:00,0.00884032417815,0.00829132081237,0.00863279421232,3905026.71,137553065.23
2023-01-08,02:57:00,0.00808119875671,23:58:00,0.00829257119341,0.00815417148572,0.00829007640379,2076118.98,132072428.61
2023-01-07,12:21:00,0.00813053462665,02:52:00,0.00824532590062,0.00821529213606,0.00814878956671,1984826.78,129801930.95
2023-01-06,11:27:00,0.0079395378902,23:18:00,0.00823755110855,0.00805092213271,0.0082145220763,2640833.09,130829191.98
2023-01-05,01:23:00,0.00799121103148,07:04:00,0.00815529306362,0.00802290898522,0.00804780176218,2351384.06,128154619.57
2023-01-04,00:54:00,0.00786895654039,17:55:00,0.00806826912903,0.00789885555638,0.00802302114584,2394543.26,127740679.03
2023-01-03,19:39:00,0.00778993268892,07:12:00,0.00800252236105,0.00795515149001,0.00789876505206,2606873.2,125743416.5
2023-01-02,01:22:00,0.00776379783879,22:08:00,0.00799534812731,0.00785739467112,0.00795451333741,2558384.23,126611736.5
2023-01-01,00:55:00,0.00767631560539,22:49:00,0.00789715101317,0.00771030698463,0.00785809177724,2104701.65,125058081.64
2022-12-31,23:12:00,0.007690075513,14:39:00,0.00783471016505,0.0077036898736,0.00770996279181,2047590.49,122682149.72
2022-12-30,07:46:00,0.00760361204121,21:47:00,0.00774229328762,0.00763732640885,0.00770376686179,2201895.36,122565069.06
2022-12-29,20:41:00,0.00752400240939,05:08:00,0.00770354953604,0.0075970506111,0.00763934738437,2664457.16,121521822.62
2022-12-28,06:09:00,0.00750031254563,00:31:00,0.00777293717112,0.00767283733957,0.00759723386841,3623367.71,120833679.88
2022-12-27,19:33:00,0.00748643465268,00:05:00,0.00775522328361,0.00773806940488,0.00767064835128,2189163.58,121982955.41
2022-12-26,09:33:00,0.00758492910492,23:55:00,0.00774369484093,0.00764146091279,0.00773992818227,2056898.03,123066143.92
2022-12-25,19:24:00,0.0076196329752,15:22:00,0.00789226597877,0.00781559094063,0.00764622201646,2664719.27,121557876.98
2022-12-24,23:57:00,0.00780799331819,04:01:00,0.00803912879627,0.00792755228935,0.00781623294908,2389427.27,124241918.16
2022-12-23,22:53:00,0.00791809712026,03:23:00,0.00815745961239,0.00812776376149,0.00792688719269,3036648.68,125981779.5
2022-12-22,15:07:00,0.00791593508531,01:52:00,0.00820601558295,0.00812120543705,0.00812257906218,3893841.59,129072436.25
2022-12-21,05:02:00,0.0080543109671,12:01:00,0.00837091470272,0.00833614649568,0.00811918648817,3099305.68,128999015.59
2022-12-20,01:20:00,0.00803843297325,15:44:00,0.00853963938262,0.00814676969104,0.00834268680773,3889271.44,132529937.28
2022-12-19,22:38:00,0.00786343529022,14:40:00,0.00859147208657,0.00813112457735,0.00814187601248,5727755.59,129320232.51
2022-12-18,17:52:00,0.00798465991367,00:08:00,0.00832932846246,0.008325291336,0.00812524624332,2896035.78,129036326.6
2022-12-17,02:23:00,0.00782899289618,17:13:00,0.00856634180975,0.00790450855664,0.00832876303494,5828005.22,132248174.79
2022-12-16,23:40:00,0.00785641567449,08:53:00,0.00917003226802,0.00868637440342,0.00790818895381,10174967.84,125550762.61
2022-12-15,22:23:00,0.00861563780249,00:00:00,0.00934478505036,0.00934478505036,0.00868618892924,15496008.87,137881307.55
2022-12-14,00:00:00,0.00797103798951,20:23:00,0.0106712314,0.00797103798951,0.00899130994211,46875114.42,142704673.59
2022-12-13,07:29:00,0.00769057151111,12:40:00,0.00992095791497,0.00774131383293,0.00796911261525,23498331.27,126460054.84
2022-12-12,04:13:00,0.0075078244481,21:33:00,0.00782226495775,0.00773936708408,0.00774172148497,2244748.94,122832933.14
2022-12-11,00:43:00,0.00762239506393,19:20:00,0.00791455908264,0.00763339860615,0.00773923430818,2881774.54,122774689.15
2022-12-10,02:16:00,0.0074919922035,18:05:00,0.00778896638866,0.00751280371576,0.00763257305563,3541646.14,121063955.24
2022-12-09,00:31:00,0.00742845173595,15:08:00,0.00758619498321,0.00744024137516,0.00751106599581,2263130.28,119118454.27
2022-12-08,06:07:00,0.00730198123066,20:07:00,0.00746863114611,0.00734487375332,0.00744199072179,1846864.76,118004975.11
2022-12-07,08:17:00,0.00728182635926,00:01:00,0.00764755160603,0.00764302790488,0.00734434461996,2469503.85,116438784.92
2022-12-06,11:22:00,0.00754570405152,06:57:00,0.00778942157542,0.00756245021241,0.00764331106469,2490787.02,121160170.88
2022-12-05,20:44:00,0.00750424541443,05:35:00,0.00786045284873,0.00776006237121,0.00755984442559,2511890.97,119818782.93
2022-12-04,16:02:00,0.00759064291501,12:26:00,0.00783341136544,0.00766475669873,0.00776123445627,3775518.31,122991863.19
2022-12-03,23:42:00,0.00764411477106,00:28:00,0.00789714842794,0.00782381769551,0.00766524795438,2671067.23,121452119.97
2022-12-02,13:49:00,0.00767140346115,01:29:00,0.0078474278347,0.00770711345033,0.00782849183077,2272090.12,124019641.51
2022-12-01,05:52:00,0.00759563033459,13:44:00,0.00776429667018,0.00770731309906,0.00770582580661,2234763.28,122057674.74
2022-11-30,00:01:00,0.00736058332357,23:31:00,0.00771653037822,0.00736556539605,0.00770740061791,2256765.5,122063986.16
2022-11-29,00:22:00,0.00722004360555,10:01:00,0.00764585649778,0.0072712827994,0.00736636406866,1993782.49,116645036.55
2022-11-28,16:21:00,0.00716969859383,00:47:00,0.00763027392872,0.00758625137068,0.00726936038026,3401955.31,115091368.67
2022-11-27,00:20:00,0.00738574201501,16:29:00,0.0077731009012,0.00738841419157,0.0075861766041,2384253.13,120088901.5
2022-11-26,23:19:00,0.00735645629495,10:41:00,0.00761569586764,0.0075037181124,0.00738904713464,2383376.5,116950476.39
2022-11-25,10:01:00,0.0072084599106,22:22:00,0.0076850354028,0.00738659026494,0.00750961182818,3865664.6,118840501.51
2022-11-24,10:52:00,0.00716192383209,02:25:00,0.00744504618545,0.0073561263272,0.00739497773123,3151616.61,117008398.13
2022-11-23,01:55:00,0.00669512590211,23:52:00,0.00737812401872,0.00674293127441,0.00735402678276,4269566.76,116342646.91
2022-11-22,12:14:00,0.00653209004653,16:04:00,0.00681070684863,0.00666123867537,0.00674339464536,2164153.02,106665942.96
2022-11-21,03:26:00,0.00652999570977,00:59:00,0.00676559062138,0.0067067589612,0.00666125633631,2764681.82,105350551.93
2022-11-20,23:52:00,0.0066953537764,01:07:00,0.00716528897504,0.00708835704061,0.00670371068161,2389050.51,106005663.08
2022-11-19,02:19:00,0.00688597036725,22:42:00,0.007145064973,0.00693462313513,0.00708842749358,2091114.9,112071995.05
2022-11-18,17:35:00,0.00684743451385,02:48:00,0.00716669855656,0.00688837585349,0.0069380889022,2552289.25,109678018.86
2022-11-17,13:33:00,0.00683766746978,01:52:00,0.00697883156577,0.00692168956215,0.0068883126065,2308867.95,108874300.49
2022-11-16,16:10:00,0.00679865128487,05:30:00,0.00715599663737,0.00704441036431,0.00692067015245,3110090.39,109368659.91
2022-11-15,01:08:00,0.00678328633836,18:23:00,0.00724821571126,0.00680703290796,0.00704557201504,1747305.96,111325246.47
2022-11-14,04:44:00,0.00630473006636,13:35:00,0.00691169072558,0.00676909907953,0.0068028792472,2574819.23,107473848.91
2022-11-13,09:19:00,0.00668193855819,03:52:00,0.00708580846629,0.00695022291375,0.00676903258483,2275104.35,106922557.38
2022-11-12,23:37:00,0.00692356896913,00:10:00,0.00731703107494,0.00728404669419,0.00694876287743,1504610.94,109744418.05
2022-11-11,14:32:00,0.00693470810385,01:21:00,0.0076531798811,0.00762285395156,0.00728662076206,2436663.32,115062482.56
2022-11-10,00:05:00,0.00656578001431,16:46:00,0.00771903390107,0.00657586878382,0.00762884137021,4410043.53,120447707.53
2022-11-09,22:13:00,0.00630213964307,00:02:00,0.0079021102089,0.00789193789268,0.00657702057476,6936254.7,103824892.42
2022-11-08,19:35:00,0.00753376201809,00:32:00,0.00923229168042,0.00915678891298,0.00788762653708,7501419.68,124494705.86
2022-11-07,22:37:00,0.00908135572045,03:13:00,0.0094900521672,0.00934992223978,0.00915804361056,3069484.89,144523895.5
2022-11-06,23:36:00,0.00935096883846,00:40:00,0.0100197077,0.0099125941161,0.00936026310787,3588645.8,147692183.33
2022-11-05,23:13:00,0.00983999499637,04:31:00,0.0102587867,0.00999794604397,0.00991059520241,5518106.73,156351333.78
2022-11-04,00:19:00,0.00905841496191,22:02:00,0.0105991486,0.00913140383378,0.00999950343104,10344770.6,157729421.11
2022-11-03,00:07:00,0.0087385000157,19:32:00,0.00916342663579,0.00876107831515,0.00913403905467,3170607.02,144055465.29
2022-11-02,20:47:00,0.00858772330872,01:26:00,0.0089590968528,0.00891578506437,0.00875247911591,3643055.16,138016219.27
2022-11-01,20:32:00,0.00884631710341,07:00:00,0.00913800804439,0.00901914994759,0.00892327098159,1933666.85,140687425.53
2022-10-31,21:56:00,0.00896235812006,10:42:00,0.00926989509595,0.00914404962741,0.00902310110024,2780776.87,142239253.22
2022-10-30,22:33:00,0.00904972224797,07:57:00,0.00944960112423,0.00922168644243,0.00914230977464,3239188.93,144095978.7
2022-10-29,00:06:00,0.00900757151031,17:53:00,0.00939038642673,0.00901714536819,0.00921875770569,3593295.42,145278158.39
2022-10-28,12:14:00,0.00870814319717,20:11:00,0.00912919753468,0.00876383198703,0.00901645202225,2955929.4,142067911.93
2022-10-27,20:29:00,0.00871027015002,06:34:00,0.00907763598338,0.00885696596174,0.00876404737046,3164569.35,138069343.27
2022-10-26,00:37:00,0.00866192858432,16:15:00,0.00892276637502,0.00868458254272,0.00885309940532,2415746.32,139450554.89
2022-10-25,10:10:00,0.00839449769649,19:35:00,0.00879207122235,0.00844130662719,0.00869781648538,3404072.23,136983131.13
2022-10-24,14:31:00,0.00837739014768,00:34:00,0.00867189093949,0.00861131979358,0.00844107250014,2037833.78,132918832.08
2022-10-23,12:28:00,0.00838521605176,22:50:00,0.00868610643544,0.00849650971118,0.00861739937421,2348981.94,135674205.22
2022-10-22,19:41:00,0.00839823497454,13:27:00,0.00853402702013,0.0084782978892,0.00849503522309,1406704.07,133726789.38
2022-10-21,12:26:00,0.00818503712329,20:07:00,0.00852449210544,0.00838588265526,0.00848095544326,2405926.98,133484446.76
2022-10-20,23:33:00,0.0083634328503,15:19:00,0.00864794570864,0.00844641025035,0.00838703762415,1961520.01,131985522.09
2022-10-19,23:53:00,0.00844566858253,00:08:00,0.00886503617475,0.00884568223802,0.00845142113905,2634440.03,132977783.43
2022-10-18,19:15:00,0.00871485690854,01:14:00,0.00908507711568,0.00905495624024,0.00884579051591,8496868.24,139161062.54
2022-10-17,02:08:00,0.00871975430227,23:52:00,0.00907071982655,0.00878451994118,0.0090553520626,3473896.0,142435318.78
2022-10-16,11:03:00,0.00866987566634,20:04:00,0.00884268025372,0.00869150284654,0.00878347730349,4619702.58,138137135.74
2022-10-15,09:28:00,0.00846259735684,21:08:00,0.00876073367828,0.00855215829569,0.00869256697124,4765245.49,136685686.87
2022-10-14,22:24:00,0.00848346605126,02:07:00,0.00895141060413,0.00868656902306,0.00855354345534,2064788.66,134478428.76
2022-10-13,10:35:00,0.00801832743218,00:00:00,0.00887744523139,0.00887744523139,0.00868295103812,5484307.71,136491415.2
2022-10-12,19:19:00,0.008817484694,06:49:00,0.00898598851342,0.00888897992331,0.0088772200285,1634827.91,139523234.91
2022-10-11,00:27:00,0.00879656443027,00:00:00,0.00901735258702,0.00901735258702,0.00888874660784,3355662.96,139682299.08
2022-10-10,23:50:00,0.00900140847252,02:08:00,0.00929648178131,0.00923149094235,0.0090167984257,2450521.81,141672157.16
2022-10-09,22:59:00,0.00918155196243,16:35:00,0.00933080048434,0.00924796557114,0.00923381517585,1765534.97,145059087.77
2022-10-08,22:03:00,0.00918761245876,06:38:00,0.00944058533858,0.00931406521977,0.00924173437227,1615737.89,145160577.73
2022-10-07,12:55:00,0.00924759328815,03:13:00,0.00955940324765,0.00945734515765,0.00931414411411,2222114.57,146274641.97
2022-10-06,23:58:00,0.00945491502662,04:21:00,0.00971230102612,0.00954221413068,0.00945788552979,2859286.88,148508557.81
2022-10-05,14:28:00,0.00941684199484,02:55:00,0.00978821035699,0.00974515315514,0.00954216243418,2295499.24,149808112.6
2022-10-04,02:29:00,0.00946931649791,21:17:00,0.00984372375781,0.00957372512782,0.00974361459284,2785286.93,152946781.92
2022-10-03,00:08:00,0.0091691021389,23:44:00,0.00959208069787,0.00923533137556,0.00957231935516,3840878.58,150234226.22
2022-10-02,23:55:00,0.00921326781275,06:44:00,0.00953014051615,0.00944893807929,0.00923677254782,2405858.79,144945098.39
2022-10-01,20:26:00,0.00940275554845,11:09:00,0.00960601382693,0.00947015428676,0.00944900774658,1835709.13,148251994.75
2022-09-30,12:56:00,0.00942177633665,15:21:00,0.00968638174136,0.00950981273648,0.00946902178947,3174013.72,148542524.13
2022-09-29,14:21:00,0.00923314511305,21:24:00,0.00952608771429,0.00944622376494,0.00950831037569,2830689.39,149135249.78
2022-09-28,09:25:00,0.00906277286602,16:09:00,0.00957613171445,0.00941420252359,0.00944801446748,3224977.04,148166072.01
2022-09-27,00:01:00,0.00924657604832,13:43:00,0.0100596913,0.00927523436419,0.00941580283426,6368806.29,147637507.87
2022-09-26,06:50:00,0.00903580122781,00:19:00,0.00934719877245,0.00929835869181,0.00927707996272,2749157.81,145439286.4
2022-09-25,22:09:00,0.0091777491161,07:36:00,0.00959457400854,0.00940893088828,0.00929720502291,2284472.11,145731705.83
2022-09-24,23:37:00,0.00939488155293,02:39:00,0.00969987331145,0.00958963725738,0.00940204683611,3312970.42,147351703.7
2022-09-23,14:26:00,0.00925584023197,06:55:00,0.00981336249785,0.00956231412827,0.00959218380419,3773424.73,150307805.45
2022-09-22,01:01:00,0.00899971665108,23:16:00,0.00960365214662,0.009075387523,0.00955963438764,2970182.19,149773994.94
2022-09-21,22:20:00,0.00890951138216,18:56:00,0.0095974790686,0.0091943528913,0.00907160049483,3765955.41,142105270.27
2022-09-20,23:17:00,0.00918524514567,07:18:00,0.0095391986292,0.00947070611592,0.00920085088849,3131369.25,144107083.45
2022-09-19,03:46:00,0.00901592134458,23:34:00,0.00948416383398,0.00923471001039,0.00947083972845,3714788.96,148312061.3
2022-09-18,22:40:00,0.00910807911033,00:04:00,0.010045396,0.0100305787,0.0092357371292,4529770.21,144607153.69
2022-09-17,00:05:00,0.009819295095,17:13:00,0.0100831467,0.00986241237273,0.0100461735,2482025.59,157271215.32
2022-09-16,00:21:00,0.00958909249083,22:43:00,0.00987246911055,0.0096484141616,0.00986458375353,3833539.77,154403731.96
2022-09-15,23:58:00,0.0096444210053,00:03:00,0.0101556251,0.0101461514,0.009651202829,5693376.97,151039586.98
2022-09-14,18:20:00,0.00987794243698,22:53:00,0.0102043272,0.00997559145475,0.0101456611,7287185.35,158752199.05
2022-09-13,00:04:00,0.00994103694834,08:20:00,0.0110487037,0.0109080428,0.010009147,8840519.86,156593080.16
2022-09-12,16:25:00,0.0106890356,09:04:00,0.0111231209,0.0107991424,0.0109017584,9829549.98,170528355.66
2022-09-11,21:58:00,0.0106902713,17:40:00,0.0109904209,0.0107842652,0.0107989355,9015709.58,168892904.51
2022-09-10,15:09:00,0.0106054639,06:46:00,0.0108770072,0.0107835048,0.0107682935,6711122.59,168386745.81
2022-09-09,00:00:00,0.00999581182118,12:47:00,0.0108208488,0.00999581182118,0.0107826842,8781278.13,168584592.29
2022-09-08,13:13:00,0.00977000089744,20:10:00,0.0100688963,0.00991298830406,0.0100094628,6302675.51,156470301.81
2022-09-07,02:57:00,0.00938204831306,22:19:00,0.00997957481869,0.00957880713676,0.00992011124807,6078957.23,155048582.52
2022-09-06,23:59:00,0.0095788988155,01:05:00,0.010676103,0.0105122511,0.0095788988155,9108567.57,149691530.77
2022-09-05,10:49:00,0.0103557648,05:00:00,0.0107728546,0.0107003466,0.0104983946,5322758.56,164034294.72
2022-09-04,08:13:00,0.0103364544,23:43:00,0.0107299608,0.0104052063,0.0106991727,4657190.24,167144507.54
2022-09-03,23:04:00,0.0103881878,06:19:00,0.0105502638,0.0104494236,0.0104079909,3657148.16,162569554.22
2022-09-02,22:50:00,0.0103688436,16:14:00,0.0106927796,0.0105365165,0.0104457175,6926975.7,163132391.74
